{"cameraMode":{"drawMode":0,"name":"Shaded","section":"Shading Mode"},"sceneLighting":false,"audioPlay":false,"sceneViewState":{"showFog":true,"showMaterialUpdate":false,"showSkybox":false,"showFlares":true,"showImageEffects":true,"showParticleSystems":true},"in2DMode":false,"pivot":{"x":0.4318027198314667,"y":0.2554740905761719,"z":1.2891731262207032},"rotation":{"x":0.47317013144493105,"y":0.0066079627722501759,"z":-0.0035470970906317236,"w":0.880945086479187},"size":7.089217185974121,"orthographic":false}